{
    "$schema": "https://schema.management.azure.com/schemas/2019-04-01/deploymentTemplate.json#",
    "contentVersion": "1.0.0.0",
    "parameters": {
        "vulnerabilityAssessments_Default_storageContainerPath": {
            "type": "SecureString"
        },
        "servers_covid_server12_name": {
            "defaultValue": "covid-server12",
            "type": "String"
        },
        "storageAccounts_covid19reportdatalake_name": {
            "defaultValue": "covid19reportdatalake",
            "type": "String"
        },
        "storageAccounts_covidreportstoreaccount_name": {
            "defaultValue": "covidreportstoreaccount",
            "type": "String"
        },
        "virtualNetworks_covid19reportdatalake_vNet5695423_name": {
            "defaultValue": "covid19reportdatalake_vNet5695423",
            "type": "String"
        },
        "systemTopics_covidreportstoreaccount_a264cf14_82c9_4891_9d3d_ad227c5b8882_name": {
            "defaultValue": "covidreportstoreaccount-a264cf14-82c9-4891-9d3d-ad227c5b8882",
            "type": "String"
        }
    },
    "variables": {},
    "resources": [
        {
            "type": "Microsoft.Network/virtualNetworks",
            "apiVersion": "2020-11-01",
            "name": "[parameters('virtualNetworks_covid19reportdatalake_vNet5695423_name')]",
            "location": "eastus",
            "properties": {
                "addressSpace": {
                    "addressPrefixes": [
                        "10.0.0.0/16"
                    ]
                },
                "subnets": [
                    {
                        "name": "default",
                        "properties": {
                            "addressPrefix": "10.0.0.0/24",
                            "serviceEndpoints": [
                                {
                                    "service": "Microsoft.Storage",
                                    "locations": [
                                        "eastus",
                                        "westus"
                                    ]
                                }
                            ],
                            "delegations": [],
                            "privateEndpointNetworkPolicies": "Enabled",
                            "privateLinkServiceNetworkPolicies": "Enabled"
                        }
                    }
                ],
                "virtualNetworkPeerings": [],
                "enableDdosProtection": false
            }
        },
        {
            "type": "Microsoft.Sql/servers",
            "apiVersion": "2021-08-01-preview",
            "name": "[parameters('servers_covid_server12_name')]",
            "location": "eastus",
            "kind": "v12.0",
            "properties": {
                "administratorLogin": "shreyas",
                "version": "12.0",
                "minimalTlsVersion": "1.2",
                "publicNetworkAccess": "Enabled",
                "restrictOutboundNetworkAccess": "Disabled"
            }
        },
        {
            "type": "Microsoft.Storage/storageAccounts",
            "apiVersion": "2021-08-01",
            "name": "[parameters('storageAccounts_covid19reportdatalake_name')]",
            "location": "centralindia",
            "sku": {
                "name": "Standard_LRS",
                "tier": "Standard"
            },
            "kind": "StorageV2",
            "properties": {
                "defaultToOAuthAuthentication": false,
                "allowCrossTenantReplication": false,
                "minimumTlsVersion": "TLS1_2",
                "allowBlobPublicAccess": true,
                "allowSharedKeyAccess": true,
                "isHnsEnabled": true,
                "networkAcls": {
                    "bypass": "AzureServices",
                    "virtualNetworkRules": [],
                    "ipRules": [],
                    "defaultAction": "Allow"
                },
                "supportsHttpsTrafficOnly": true,
                "encryption": {
                    "services": {
                        "file": {
                            "keyType": "Account",
                            "enabled": true
                        },
                        "blob": {
                            "keyType": "Account",
                            "enabled": true
                        }
                    },
                    "keySource": "Microsoft.Storage"
                },
                "accessTier": "Hot"
            }
        },
        {
            "type": "Microsoft.Storage/storageAccounts",
            "apiVersion": "2021-08-01",
            "name": "[parameters('storageAccounts_covidreportstoreaccount_name')]",
            "location": "southindia",
            "sku": {
                "name": "Standard_RAGRS",
                "tier": "Standard"
            },
            "kind": "StorageV2",
            "properties": {
                "defaultToOAuthAuthentication": false,
                "allowCrossTenantReplication": true,
                "minimumTlsVersion": "TLS1_2",
                "allowBlobPublicAccess": true,
                "allowSharedKeyAccess": true,
                "networkAcls": {
                    "bypass": "AzureServices",
                    "virtualNetworkRules": [],
                    "ipRules": [],
                    "defaultAction": "Allow"
                },
                "supportsHttpsTrafficOnly": true,
                "encryption": {
                    "services": {
                        "file": {
                            "keyType": "Account",
                            "enabled": true
                        },
                        "blob": {
                            "keyType": "Account",
                            "enabled": true
                        }
                    },
                    "keySource": "Microsoft.Storage"
                },
                "accessTier": "Hot"
            }
        },
        {
            "type": "Microsoft.EventGrid/systemTopics",
            "apiVersion": "2021-12-01",
            "name": "[parameters('systemTopics_covidreportstoreaccount_a264cf14_82c9_4891_9d3d_ad227c5b8882_name')]",
            "location": "southindia",
            "dependsOn": [
                "[resourceId('Microsoft.Storage/storageAccounts', parameters('storageAccounts_covidreportstoreaccount_name'))]"
            ],
            "properties": {
                "source": "[resourceId('Microsoft.Storage/storageAccounts', parameters('storageAccounts_covidreportstoreaccount_name'))]",
                "topicType": "microsoft.storage.storageaccounts"
            }
        },
        {
            "type": "Microsoft.EventGrid/systemTopics/eventSubscriptions",
            "apiVersion": "2021-12-01",
            "name": "[concat(parameters('systemTopics_covidreportstoreaccount_a264cf14_82c9_4891_9d3d_ad227c5b8882_name'), '/00ae8bfb-3aae-b9f0-fdda-71288b39fd13')]",
            "dependsOn": [
                "[resourceId('Microsoft.EventGrid/systemTopics', parameters('systemTopics_covidreportstoreaccount_a264cf14_82c9_4891_9d3d_ad227c5b8882_name'))]"
            ],
            "properties": {
                "destination": {
                    "properties": {
                        "maxEventsPerBatch": 1,
                        "preferredBatchSizeInKilobytes": 64
                    },
                    "endpointType": "WebHook"
                },
                "filter": {
                    "subjectBeginsWith": "/blobServices/default/containers/population/blobs/population_by_age.tsv.gz",
                    "includedEventTypes": [
                        "Microsoft.Storage.BlobCreated"
                    ],
                    "advancedFilters": [
                        {
                            "values": [
                                "CopyBlob",
                                "PutBlob",
                                "PutBlockList",
                                "FlushWithClose",
                                "DeleteBlob",
                                "CreateFile",
                                "DeleteFile"
                            ],
                            "operatorType": "StringIn",
                            "key": "data.api"
                        },
                        {
                            "value": 0,
                            "operatorType": "NumberGreaterThan",
                            "key": "data.contentLength"
                        }
                    ]
                },
                "eventDeliverySchema": "EventGridSchema",
                "retryPolicy": {
                    "maxDeliveryAttempts": 30,
                    "eventTimeToLiveInMinutes": 1440
                }
            }
        },
        {
            "type": "Microsoft.Network/virtualNetworks/subnets",
            "apiVersion": "2020-11-01",
            "name": "[concat(parameters('virtualNetworks_covid19reportdatalake_vNet5695423_name'), '/default')]",
            "dependsOn": [
                "[resourceId('Microsoft.Network/virtualNetworks', parameters('virtualNetworks_covid19reportdatalake_vNet5695423_name'))]"
            ],
            "properties": {
                "addressPrefix": "10.0.0.0/24",
                "serviceEndpoints": [
                    {
                        "service": "Microsoft.Storage",
                        "locations": [
                            "eastus",
                            "westus"
                        ]
                    }
                ],
                "delegations": [],
                "privateEndpointNetworkPolicies": "Enabled",
                "privateLinkServiceNetworkPolicies": "Enabled"
            }
        },
        {
            "type": "Microsoft.Sql/servers/advisors",
            "apiVersion": "2014-04-01",
            "name": "[concat(parameters('servers_covid_server12_name'), '/CreateIndex')]",
            "dependsOn": [
                "[resourceId('Microsoft.Sql/servers', parameters('servers_covid_server12_name'))]"
            ],
            "properties": {
                "autoExecuteValue": "Disabled"
            }
        },
        {
            "type": "Microsoft.Sql/servers/advisors",
            "apiVersion": "2014-04-01",
            "name": "[concat(parameters('servers_covid_server12_name'), '/DbParameterization')]",
            "dependsOn": [
                "[resourceId('Microsoft.Sql/servers', parameters('servers_covid_server12_name'))]"
            ],
            "properties": {
                "autoExecuteValue": "Disabled"
            }
        },
        {
            "type": "Microsoft.Sql/servers/advisors",
            "apiVersion": "2014-04-01",
            "name": "[concat(parameters('servers_covid_server12_name'), '/DefragmentIndex')]",
            "dependsOn": [
                "[resourceId('Microsoft.Sql/servers', parameters('servers_covid_server12_name'))]"
            ],
            "properties": {
                "autoExecuteValue": "Disabled"
            }
        },
        {
            "type": "Microsoft.Sql/servers/advisors",
            "apiVersion": "2014-04-01",
            "name": "[concat(parameters('servers_covid_server12_name'), '/DropIndex')]",
            "dependsOn": [
                "[resourceId('Microsoft.Sql/servers', parameters('servers_covid_server12_name'))]"
            ],
            "properties": {
                "autoExecuteValue": "Disabled"
            }
        },
        {
            "type": "Microsoft.Sql/servers/advisors",
            "apiVersion": "2014-04-01",
            "name": "[concat(parameters('servers_covid_server12_name'), '/ForceLastGoodPlan')]",
            "dependsOn": [
                "[resourceId('Microsoft.Sql/servers', parameters('servers_covid_server12_name'))]"
            ],
            "properties": {
                "autoExecuteValue": "Enabled"
            }
        },
        {
            "type": "Microsoft.Sql/servers/auditingPolicies",
            "apiVersion": "2014-04-01",
            "name": "[concat(parameters('servers_covid_server12_name'), '/Default')]",
            "location": "East US",
            "dependsOn": [
                "[resourceId('Microsoft.Sql/servers', parameters('servers_covid_server12_name'))]"
            ],
            "properties": {
                "auditingState": "Disabled"
            }
        },
        {
            "type": "Microsoft.Sql/servers/auditingSettings",
            "apiVersion": "2021-08-01-preview",
            "name": "[concat(parameters('servers_covid_server12_name'), '/Default')]",
            "dependsOn": [
                "[resourceId('Microsoft.Sql/servers', parameters('servers_covid_server12_name'))]"
            ],
            "properties": {
                "retentionDays": 0,
                "auditActionsAndGroups": [],
                "isStorageSecondaryKeyInUse": false,
                "isAzureMonitorTargetEnabled": false,
                "state": "Disabled",
                "storageAccountSubscriptionId": "00000000-0000-0000-0000-000000000000"
            }
        },
        {
            "type": "Microsoft.Sql/servers/connectionPolicies",
            "apiVersion": "2021-08-01-preview",
            "name": "[concat(parameters('servers_covid_server12_name'), '/default')]",
            "location": "eastus",
            "dependsOn": [
                "[resourceId('Microsoft.Sql/servers', parameters('servers_covid_server12_name'))]"
            ],
            "properties": {
                "connectionType": "Default"
            }
        },
        {
            "type": "Microsoft.Sql/servers/databases",
            "apiVersion": "2021-08-01-preview",
            "name": "[concat(parameters('servers_covid_server12_name'), '/covid-sql-database')]",
            "location": "eastus",
            "dependsOn": [
                "[resourceId('Microsoft.Sql/servers', parameters('servers_covid_server12_name'))]"
            ],
            "sku": {
                "name": "Basic",
                "tier": "Basic",
                "capacity": 5
            },
            "kind": "v12.0,user",
            "properties": {
                "collation": "SQL_Latin1_General_CP1_CI_AS",
                "maxSizeBytes": 2147483648,
                "catalogCollation": "SQL_Latin1_General_CP1_CI_AS",
                "zoneRedundant": false,
                "readScale": "Disabled",
                "requestedBackupStorageRedundancy": "Geo",
                "maintenanceConfigurationId": "/subscriptions/174f5965-0b31-40f1-b9ec-92530144117c/providers/Microsoft.Maintenance/publicMaintenanceConfigurations/SQL_Default",
                "isLedgerOn": false
            }
        },
        {
            "type": "Microsoft.Sql/servers/databases/auditingPolicies",
            "apiVersion": "2014-04-01",
            "name": "[concat(parameters('servers_covid_server12_name'), '/master/Default')]",
            "location": "East US",
            "dependsOn": [
                "[resourceId('Microsoft.Sql/servers', parameters('servers_covid_server12_name'))]"
            ],
            "properties": {
                "auditingState": "Disabled"
            }
        },
        {
            "type": "Microsoft.Sql/servers/databases/auditingSettings",
            "apiVersion": "2021-08-01-preview",
            "name": "[concat(parameters('servers_covid_server12_name'), '/master/Default')]",
            "dependsOn": [
                "[resourceId('Microsoft.Sql/servers', parameters('servers_covid_server12_name'))]"
            ],
            "properties": {
                "retentionDays": 0,
                "isAzureMonitorTargetEnabled": false,
                "state": "Disabled",
                "storageAccountSubscriptionId": "00000000-0000-0000-0000-000000000000"
            }
        },
        {
            "type": "Microsoft.Sql/servers/databases/extendedAuditingSettings",
            "apiVersion": "2021-08-01-preview",
            "name": "[concat(parameters('servers_covid_server12_name'), '/master/Default')]",
            "dependsOn": [
                "[resourceId('Microsoft.Sql/servers', parameters('servers_covid_server12_name'))]"
            ],
            "properties": {
                "retentionDays": 0,
                "isAzureMonitorTargetEnabled": false,
                "state": "Disabled",
                "storageAccountSubscriptionId": "00000000-0000-0000-0000-000000000000"
            }
        },
        {
            "type": "Microsoft.Sql/servers/databases/geoBackupPolicies",
            "apiVersion": "2014-04-01",
            "name": "[concat(parameters('servers_covid_server12_name'), '/master/Default')]",
            "location": "East US",
            "dependsOn": [
                "[resourceId('Microsoft.Sql/servers', parameters('servers_covid_server12_name'))]"
            ],
            "properties": {
                "state": "Disabled"
            }
        },
        {
            "type": "Microsoft.Sql/servers/databases/ledgerDigestUploads",
            "apiVersion": "2021-08-01-preview",
            "name": "[concat(parameters('servers_covid_server12_name'), '/master/Current')]",
            "dependsOn": [
                "[resourceId('Microsoft.Sql/servers', parameters('servers_covid_server12_name'))]"
            ],
            "properties": {}
        },
        {
            "type": "Microsoft.Sql/servers/databases/securityAlertPolicies",
            "apiVersion": "2021-08-01-preview",
            "name": "[concat(parameters('servers_covid_server12_name'), '/master/Default')]",
            "dependsOn": [
                "[resourceId('Microsoft.Sql/servers', parameters('servers_covid_server12_name'))]"
            ],
            "properties": {
                "state": "Disabled",
                "disabledAlerts": [
                    ""
                ],
                "emailAddresses": [
                    ""
                ],
                "emailAccountAdmins": false,
                "retentionDays": 0
            }
        },
        {
            "type": "Microsoft.Sql/servers/databases/transparentDataEncryption",
            "apiVersion": "2021-08-01-preview",
            "name": "[concat(parameters('servers_covid_server12_name'), '/master/Current')]",
            "dependsOn": [
                "[resourceId('Microsoft.Sql/servers', parameters('servers_covid_server12_name'))]"
            ],
            "properties": {
                "state": "Disabled"
            }
        },
        {
            "type": "Microsoft.Sql/servers/databases/vulnerabilityAssessments",
            "apiVersion": "2021-08-01-preview",
            "name": "[concat(parameters('servers_covid_server12_name'), '/master/Default')]",
            "dependsOn": [
                "[resourceId('Microsoft.Sql/servers', parameters('servers_covid_server12_name'))]"
            ],
            "properties": {
                "recurringScans": {
                    "isEnabled": false,
                    "emailSubscriptionAdmins": true
                }
            }
        },
        {
            "type": "Microsoft.Sql/servers/devOpsAuditingSettings",
            "apiVersion": "2021-08-01-preview",
            "name": "[concat(parameters('servers_covid_server12_name'), '/Default')]",
            "dependsOn": [
                "[resourceId('Microsoft.Sql/servers', parameters('servers_covid_server12_name'))]"
            ],
            "properties": {
                "isAzureMonitorTargetEnabled": false,
                "state": "Disabled",
                "storageAccountSubscriptionId": "00000000-0000-0000-0000-000000000000"
            }
        },
        {
            "type": "Microsoft.Sql/servers/encryptionProtector",
            "apiVersion": "2021-08-01-preview",
            "name": "[concat(parameters('servers_covid_server12_name'), '/current')]",
            "dependsOn": [
                "[resourceId('Microsoft.Sql/servers', parameters('servers_covid_server12_name'))]"
            ],
            "kind": "servicemanaged",
            "properties": {
                "serverKeyName": "ServiceManaged",
                "serverKeyType": "ServiceManaged",
                "autoRotationEnabled": false
            }
        },
        {
            "type": "Microsoft.Sql/servers/extendedAuditingSettings",
            "apiVersion": "2021-08-01-preview",
            "name": "[concat(parameters('servers_covid_server12_name'), '/Default')]",
            "dependsOn": [
                "[resourceId('Microsoft.Sql/servers', parameters('servers_covid_server12_name'))]"
            ],
            "properties": {
                "retentionDays": 0,
                "auditActionsAndGroups": [],
                "isStorageSecondaryKeyInUse": false,
                "isAzureMonitorTargetEnabled": false,
                "state": "Disabled",
                "storageAccountSubscriptionId": "00000000-0000-0000-0000-000000000000"
            }
        },
        {
            "type": "Microsoft.Sql/servers/firewallRules",
            "apiVersion": "2021-08-01-preview",
            "name": "[concat(parameters('servers_covid_server12_name'), '/AllowAllWindowsAzureIps')]",
            "dependsOn": [
                "[resourceId('Microsoft.Sql/servers', parameters('servers_covid_server12_name'))]"
            ],
            "properties": {
                "startIpAddress": "0.0.0.0",
                "endIpAddress": "0.0.0.0"
            }
        },
        {
            "type": "Microsoft.Sql/servers/firewallRules",
            "apiVersion": "2021-08-01-preview",
            "name": "[concat(parameters('servers_covid_server12_name'), '/ClientIPAddress_2021-11-13_19-21-27')]",
            "dependsOn": [
                "[resourceId('Microsoft.Sql/servers', parameters('servers_covid_server12_name'))]"
            ],
            "properties": {
                "startIpAddress": "223.229.199.53",
                "endIpAddress": "223.229.199.53"
            }
        },
        {
            "type": "Microsoft.Sql/servers/keys",
            "apiVersion": "2021-08-01-preview",
            "name": "[concat(parameters('servers_covid_server12_name'), '/ServiceManaged')]",
            "dependsOn": [
                "[resourceId('Microsoft.Sql/servers', parameters('servers_covid_server12_name'))]"
            ],
            "kind": "servicemanaged",
            "properties": {
                "serverKeyType": "ServiceManaged"
            }
        },
        {
            "type": "Microsoft.Sql/servers/securityAlertPolicies",
            "apiVersion": "2021-08-01-preview",
            "name": "[concat(parameters('servers_covid_server12_name'), '/Default')]",
            "dependsOn": [
                "[resourceId('Microsoft.Sql/servers', parameters('servers_covid_server12_name'))]"
            ],
            "properties": {
                "state": "Disabled",
                "disabledAlerts": [
                    ""
                ],
                "emailAddresses": [
                    ""
                ],
                "emailAccountAdmins": false,
                "retentionDays": 0
            }
        },
        {
            "type": "Microsoft.Sql/servers/vulnerabilityAssessments",
            "apiVersion": "2021-08-01-preview",
            "name": "[concat(parameters('servers_covid_server12_name'), '/Default')]",
            "dependsOn": [
                "[resourceId('Microsoft.Sql/servers', parameters('servers_covid_server12_name'))]"
            ],
            "properties": {
                "recurringScans": {
                    "isEnabled": false,
                    "emailSubscriptionAdmins": true
                },
                "storageContainerPath": "[parameters('vulnerabilityAssessments_Default_storageContainerPath')]"
            }
        },
        {
            "type": "Microsoft.Storage/storageAccounts/blobServices",
            "apiVersion": "2021-08-01",
            "name": "[concat(parameters('storageAccounts_covid19reportdatalake_name'), '/default')]",
            "dependsOn": [
                "[resourceId('Microsoft.Storage/storageAccounts', parameters('storageAccounts_covid19reportdatalake_name'))]"
            ],
            "sku": {
                "name": "Standard_LRS",
                "tier": "Standard"
            },
            "properties": {
                "containerDeleteRetentionPolicy": {
                    "enabled": true,
                    "days": 7
                },
                "cors": {
                    "corsRules": []
                },
                "deleteRetentionPolicy": {
                    "enabled": false
                }
            }
        },
        {
            "type": "Microsoft.Storage/storageAccounts/blobServices",
            "apiVersion": "2021-08-01",
            "name": "[concat(parameters('storageAccounts_covidreportstoreaccount_name'), '/default')]",
            "dependsOn": [
                "[resourceId('Microsoft.Storage/storageAccounts', parameters('storageAccounts_covidreportstoreaccount_name'))]"
            ],
            "sku": {
                "name": "Standard_RAGRS",
                "tier": "Standard"
            },
            "properties": {
                "changeFeed": {
                    "enabled": false
                },
                "restorePolicy": {
                    "enabled": false
                },
                "containerDeleteRetentionPolicy": {
                    "enabled": true,
                    "days": 7
                },
                "cors": {
                    "corsRules": []
                },
                "deleteRetentionPolicy": {
                    "enabled": true,
                    "days": 7
                },
                "isVersioningEnabled": false
            }
        },
        {
            "type": "Microsoft.Storage/storageAccounts/fileServices",
            "apiVersion": "2021-08-01",
            "name": "[concat(parameters('storageAccounts_covid19reportdatalake_name'), '/default')]",
            "dependsOn": [
                "[resourceId('Microsoft.Storage/storageAccounts', parameters('storageAccounts_covid19reportdatalake_name'))]"
            ],
            "sku": {
                "name": "Standard_LRS",
                "tier": "Standard"
            },
            "properties": {
                "protocolSettings": {
                    "smb": {}
                },
                "cors": {
                    "corsRules": []
                },
                "shareDeleteRetentionPolicy": {
                    "enabled": true,
                    "days": 7
                }
            }
        },
        {
            "type": "Microsoft.Storage/storageAccounts/fileServices",
            "apiVersion": "2021-08-01",
            "name": "[concat(parameters('storageAccounts_covidreportstoreaccount_name'), '/default')]",
            "dependsOn": [
                "[resourceId('Microsoft.Storage/storageAccounts', parameters('storageAccounts_covidreportstoreaccount_name'))]"
            ],
            "sku": {
                "name": "Standard_RAGRS",
                "tier": "Standard"
            },
            "properties": {
                "protocolSettings": {
                    "smb": {}
                },
                "cors": {
                    "corsRules": []
                },
                "shareDeleteRetentionPolicy": {
                    "enabled": true,
                    "days": 7
                }
            }
        },
        {
            "type": "Microsoft.Storage/storageAccounts/queueServices",
            "apiVersion": "2021-08-01",
            "name": "[concat(parameters('storageAccounts_covid19reportdatalake_name'), '/default')]",
            "dependsOn": [
                "[resourceId('Microsoft.Storage/storageAccounts', parameters('storageAccounts_covid19reportdatalake_name'))]"
            ],
            "properties": {
                "cors": {
                    "corsRules": []
                }
            }
        },
        {
            "type": "Microsoft.Storage/storageAccounts/queueServices",
            "apiVersion": "2021-08-01",
            "name": "[concat(parameters('storageAccounts_covidreportstoreaccount_name'), '/default')]",
            "dependsOn": [
                "[resourceId('Microsoft.Storage/storageAccounts', parameters('storageAccounts_covidreportstoreaccount_name'))]"
            ],
            "properties": {
                "cors": {
                    "corsRules": []
                }
            }
        },
        {
            "type": "Microsoft.Storage/storageAccounts/tableServices",
            "apiVersion": "2021-08-01",
            "name": "[concat(parameters('storageAccounts_covid19reportdatalake_name'), '/default')]",
            "dependsOn": [
                "[resourceId('Microsoft.Storage/storageAccounts', parameters('storageAccounts_covid19reportdatalake_name'))]"
            ],
            "properties": {
                "cors": {
                    "corsRules": []
                }
            }
        },
        {
            "type": "Microsoft.Storage/storageAccounts/tableServices",
            "apiVersion": "2021-08-01",
            "name": "[concat(parameters('storageAccounts_covidreportstoreaccount_name'), '/default')]",
            "dependsOn": [
                "[resourceId('Microsoft.Storage/storageAccounts', parameters('storageAccounts_covidreportstoreaccount_name'))]"
            ],
            "properties": {
                "cors": {
                    "corsRules": []
                }
            }
        },
        {
            "type": "Microsoft.Sql/servers/databases/advisors",
            "apiVersion": "2014-04-01",
            "name": "[concat(parameters('servers_covid_server12_name'), '/covid-sql-database/CreateIndex')]",
            "dependsOn": [
                "[resourceId('Microsoft.Sql/servers/databases', parameters('servers_covid_server12_name'), 'covid-sql-database')]",
                "[resourceId('Microsoft.Sql/servers', parameters('servers_covid_server12_name'))]"
            ],
            "properties": {
                "autoExecuteValue": "Disabled"
            }
        },
        {
            "type": "Microsoft.Sql/servers/databases/advisors",
            "apiVersion": "2014-04-01",
            "name": "[concat(parameters('servers_covid_server12_name'), '/covid-sql-database/DbParameterization')]",
            "dependsOn": [
                "[resourceId('Microsoft.Sql/servers/databases', parameters('servers_covid_server12_name'), 'covid-sql-database')]",
                "[resourceId('Microsoft.Sql/servers', parameters('servers_covid_server12_name'))]"
            ],
            "properties": {
                "autoExecuteValue": "Disabled"
            }
        },
        {
            "type": "Microsoft.Sql/servers/databases/advisors",
            "apiVersion": "2014-04-01",
            "name": "[concat(parameters('servers_covid_server12_name'), '/covid-sql-database/DefragmentIndex')]",
            "dependsOn": [
                "[resourceId('Microsoft.Sql/servers/databases', parameters('servers_covid_server12_name'), 'covid-sql-database')]",
                "[resourceId('Microsoft.Sql/servers', parameters('servers_covid_server12_name'))]"
            ],
            "properties": {
                "autoExecuteValue": "Disabled"
            }
        },
        {
            "type": "Microsoft.Sql/servers/databases/advisors",
            "apiVersion": "2014-04-01",
            "name": "[concat(parameters('servers_covid_server12_name'), '/covid-sql-database/DropIndex')]",
            "dependsOn": [
                "[resourceId('Microsoft.Sql/servers/databases', parameters('servers_covid_server12_name'), 'covid-sql-database')]",
                "[resourceId('Microsoft.Sql/servers', parameters('servers_covid_server12_name'))]"
            ],
            "properties": {
                "autoExecuteValue": "Disabled"
            }
        },
        {
            "type": "Microsoft.Sql/servers/databases/advisors",
            "apiVersion": "2014-04-01",
            "name": "[concat(parameters('servers_covid_server12_name'), '/covid-sql-database/ForceLastGoodPlan')]",
            "dependsOn": [
                "[resourceId('Microsoft.Sql/servers/databases', parameters('servers_covid_server12_name'), 'covid-sql-database')]",
                "[resourceId('Microsoft.Sql/servers', parameters('servers_covid_server12_name'))]"
            ],
            "properties": {
                "autoExecuteValue": "Enabled"
            }
        },
        {
            "type": "Microsoft.Sql/servers/databases/auditingPolicies",
            "apiVersion": "2014-04-01",
            "name": "[concat(parameters('servers_covid_server12_name'), '/covid-sql-database/Default')]",
            "location": "East US",
            "dependsOn": [
                "[resourceId('Microsoft.Sql/servers/databases', parameters('servers_covid_server12_name'), 'covid-sql-database')]",
                "[resourceId('Microsoft.Sql/servers', parameters('servers_covid_server12_name'))]"
            ],
            "properties": {
                "auditingState": "Disabled"
            }
        },
        {
            "type": "Microsoft.Sql/servers/databases/auditingSettings",
            "apiVersion": "2021-08-01-preview",
            "name": "[concat(parameters('servers_covid_server12_name'), '/covid-sql-database/Default')]",
            "dependsOn": [
                "[resourceId('Microsoft.Sql/servers/databases', parameters('servers_covid_server12_name'), 'covid-sql-database')]",
                "[resourceId('Microsoft.Sql/servers', parameters('servers_covid_server12_name'))]"
            ],
            "properties": {
                "retentionDays": 0,
                "isAzureMonitorTargetEnabled": false,
                "state": "Disabled",
                "storageAccountSubscriptionId": "00000000-0000-0000-0000-000000000000"
            }
        },
        {
            "type": "Microsoft.Sql/servers/databases/backupLongTermRetentionPolicies",
            "apiVersion": "2021-08-01-preview",
            "name": "[concat(parameters('servers_covid_server12_name'), '/covid-sql-database/default')]",
            "dependsOn": [
                "[resourceId('Microsoft.Sql/servers/databases', parameters('servers_covid_server12_name'), 'covid-sql-database')]",
                "[resourceId('Microsoft.Sql/servers', parameters('servers_covid_server12_name'))]"
            ],
            "properties": {
                "weeklyRetention": "PT0S",
                "monthlyRetention": "PT0S",
                "yearlyRetention": "PT0S",
                "weekOfYear": 0
            }
        },
        {
            "type": "Microsoft.Sql/servers/databases/backupShortTermRetentionPolicies",
            "apiVersion": "2021-08-01-preview",
            "name": "[concat(parameters('servers_covid_server12_name'), '/covid-sql-database/default')]",
            "dependsOn": [
                "[resourceId('Microsoft.Sql/servers/databases', parameters('servers_covid_server12_name'), 'covid-sql-database')]",
                "[resourceId('Microsoft.Sql/servers', parameters('servers_covid_server12_name'))]"
            ],
            "properties": {
                "retentionDays": 7,
                "diffBackupIntervalInHours": 24
            }
        },
        {
            "type": "Microsoft.Sql/servers/databases/extendedAuditingSettings",
            "apiVersion": "2021-08-01-preview",
            "name": "[concat(parameters('servers_covid_server12_name'), '/covid-sql-database/Default')]",
            "dependsOn": [
                "[resourceId('Microsoft.Sql/servers/databases', parameters('servers_covid_server12_name'), 'covid-sql-database')]",
                "[resourceId('Microsoft.Sql/servers', parameters('servers_covid_server12_name'))]"
            ],
            "properties": {
                "retentionDays": 0,
                "isAzureMonitorTargetEnabled": false,
                "state": "Disabled",
                "storageAccountSubscriptionId": "00000000-0000-0000-0000-000000000000"
            }
        },
        {
            "type": "Microsoft.Sql/servers/databases/geoBackupPolicies",
            "apiVersion": "2014-04-01",
            "name": "[concat(parameters('servers_covid_server12_name'), '/covid-sql-database/Default')]",
            "location": "East US",
            "dependsOn": [
                "[resourceId('Microsoft.Sql/servers/databases', parameters('servers_covid_server12_name'), 'covid-sql-database')]",
                "[resourceId('Microsoft.Sql/servers', parameters('servers_covid_server12_name'))]"
            ],
            "properties": {
                "state": "Enabled"
            }
        },
        {
            "type": "Microsoft.Sql/servers/databases/ledgerDigestUploads",
            "apiVersion": "2021-08-01-preview",
            "name": "[concat(parameters('servers_covid_server12_name'), '/covid-sql-database/Current')]",
            "dependsOn": [
                "[resourceId('Microsoft.Sql/servers/databases', parameters('servers_covid_server12_name'), 'covid-sql-database')]",
                "[resourceId('Microsoft.Sql/servers', parameters('servers_covid_server12_name'))]"
            ],
            "properties": {}
        },
        {
            "type": "Microsoft.Sql/servers/databases/securityAlertPolicies",
            "apiVersion": "2021-08-01-preview",
            "name": "[concat(parameters('servers_covid_server12_name'), '/covid-sql-database/Default')]",
            "dependsOn": [
                "[resourceId('Microsoft.Sql/servers/databases', parameters('servers_covid_server12_name'), 'covid-sql-database')]",
                "[resourceId('Microsoft.Sql/servers', parameters('servers_covid_server12_name'))]"
            ],
            "properties": {
                "state": "Disabled",
                "disabledAlerts": [
                    ""
                ],
                "emailAddresses": [
                    ""
                ],
                "emailAccountAdmins": false,
                "retentionDays": 0
            }
        },
        {
            "type": "Microsoft.Sql/servers/databases/transparentDataEncryption",
            "apiVersion": "2021-08-01-preview",
            "name": "[concat(parameters('servers_covid_server12_name'), '/covid-sql-database/Current')]",
            "dependsOn": [
                "[resourceId('Microsoft.Sql/servers/databases', parameters('servers_covid_server12_name'), 'covid-sql-database')]",
                "[resourceId('Microsoft.Sql/servers', parameters('servers_covid_server12_name'))]"
            ],
            "properties": {
                "state": "Enabled"
            }
        },
        {
            "type": "Microsoft.Sql/servers/databases/vulnerabilityAssessments",
            "apiVersion": "2021-08-01-preview",
            "name": "[concat(parameters('servers_covid_server12_name'), '/covid-sql-database/Default')]",
            "dependsOn": [
                "[resourceId('Microsoft.Sql/servers/databases', parameters('servers_covid_server12_name'), 'covid-sql-database')]",
                "[resourceId('Microsoft.Sql/servers', parameters('servers_covid_server12_name'))]"
            ],
            "properties": {
                "recurringScans": {
                    "isEnabled": false,
                    "emailSubscriptionAdmins": true
                }
            }
        },
        {
            "type": "Microsoft.Storage/storageAccounts/blobServices/containers",
            "apiVersion": "2021-08-01",
            "name": "[concat(parameters('storageAccounts_covidreportstoreaccount_name'), '/default/configs')]",
            "dependsOn": [
                "[resourceId('Microsoft.Storage/storageAccounts/blobServices', parameters('storageAccounts_covidreportstoreaccount_name'), 'default')]",
                "[resourceId('Microsoft.Storage/storageAccounts', parameters('storageAccounts_covidreportstoreaccount_name'))]"
            ],
            "properties": {
                "immutableStorageWithVersioning": {
                    "enabled": false
                },
                "defaultEncryptionScope": "$account-encryption-key",
                "denyEncryptionScopeOverride": false,
                "publicAccess": "None"
            }
        },
        {
            "type": "Microsoft.Storage/storageAccounts/blobServices/containers",
            "apiVersion": "2021-08-01",
            "name": "[concat(parameters('storageAccounts_covid19reportdatalake_name'), '/default/lookup')]",
            "dependsOn": [
                "[resourceId('Microsoft.Storage/storageAccounts/blobServices', parameters('storageAccounts_covid19reportdatalake_name'), 'default')]",
                "[resourceId('Microsoft.Storage/storageAccounts', parameters('storageAccounts_covid19reportdatalake_name'))]"
            ],
            "properties": {
                "immutableStorageWithVersioning": {
                    "enabled": false
                },
                "defaultEncryptionScope": "$account-encryption-key",
                "denyEncryptionScopeOverride": false,
                "publicAccess": "None"
            }
        },
        {
            "type": "Microsoft.Storage/storageAccounts/blobServices/containers",
            "apiVersion": "2021-08-01",
            "name": "[concat(parameters('storageAccounts_covidreportstoreaccount_name'), '/default/population')]",
            "dependsOn": [
                "[resourceId('Microsoft.Storage/storageAccounts/blobServices', parameters('storageAccounts_covidreportstoreaccount_name'), 'default')]",
                "[resourceId('Microsoft.Storage/storageAccounts', parameters('storageAccounts_covidreportstoreaccount_name'))]"
            ],
            "properties": {
                "immutableStorageWithVersioning": {
                    "enabled": false
                },
                "defaultEncryptionScope": "$account-encryption-key",
                "denyEncryptionScopeOverride": false,
                "publicAccess": "None"
            }
        },
        {
            "type": "Microsoft.Storage/storageAccounts/blobServices/containers",
            "apiVersion": "2021-08-01",
            "name": "[concat(parameters('storageAccounts_covid19reportdatalake_name'), '/default/processed')]",
            "dependsOn": [
                "[resourceId('Microsoft.Storage/storageAccounts/blobServices', parameters('storageAccounts_covid19reportdatalake_name'), 'default')]",
                "[resourceId('Microsoft.Storage/storageAccounts', parameters('storageAccounts_covid19reportdatalake_name'))]"
            ],
            "properties": {
                "immutableStorageWithVersioning": {
                    "enabled": false
                },
                "defaultEncryptionScope": "$account-encryption-key",
                "denyEncryptionScopeOverride": false,
                "publicAccess": "None"
            }
        },
        {
            "type": "Microsoft.Storage/storageAccounts/blobServices/containers",
            "apiVersion": "2021-08-01",
            "name": "[concat(parameters('storageAccounts_covid19reportdatalake_name'), '/default/raw')]",
            "dependsOn": [
                "[resourceId('Microsoft.Storage/storageAccounts/blobServices', parameters('storageAccounts_covid19reportdatalake_name'), 'default')]",
                "[resourceId('Microsoft.Storage/storageAccounts', parameters('storageAccounts_covid19reportdatalake_name'))]"
            ],
            "properties": {
                "immutableStorageWithVersioning": {
                    "enabled": false
                },
                "defaultEncryptionScope": "$account-encryption-key",
                "denyEncryptionScopeOverride": false,
                "publicAccess": "None"
            }
        }
    ]
}